{
  "version": 1,
  "author": "Rafael Maluf",
  "editor": "wokwi",
  "parts": [
    {
      "type": "board-esp32-devkit-c-v4",
      "id": "esp",
      "top": -28.8,
      "left": 4.84,
      "attrs": { "env": "micropython-20231227-v1.22.0" }
    },
    {
      "type": "wokwi-hc-sr04",
      "id": "ultrasonic1",
      "top": -200.1,
      "left": -23.3,
      "attrs": { "distance": "97" }
    },
    {
      "type": "wokwi-led",
      "id": "led1",
      "top": 133.6,
      "left": 279.8,
      "rotate": 90,
      "attrs": { "color": "red" }
    },
    {
      "type": "wokwi-led",
      "id": "led2",
      "top": 37.6,
      "left": 260.6,
      "rotate": 90,
      "attrs": { "color": "green" }
    },
    {
      "type": "wokwi-led",
      "id": "led3",
      "top": 85.6,
      "left": 270.2,
      "rotate": 90,
      "attrs": { "color": "yellow" }
    },
    {
      "type": "wokwi-resistor",
      "id": "r1",
      "top": 71.15,
      "left": 172.8,
      "attrs": { "value": "1000" }
    },
    {
      "type": "wokwi-resistor",
      "id": "r2",
      "top": 157.55,
      "left": 172.8,
      "attrs": { "value": "1000" }
    },
    {
      "type": "wokwi-resistor",
      "id": "r3",
      "top": 119.15,
      "left": 172.8,
      "attrs": { "value": "1000" }
    },
    { "type": "wokwi-dht22", "id": "dht1", "top": 0.3, "left": -120.6, "attrs": {} },
    { "type": "wokwi-servo", "id": "servo1", "top": 161.2, "left": 182.4, "attrs": {} }
  ],
  "connections": [
    [ "esp:TX", "$serialMonitor:RX", "", [] ],
    [ "esp:RX", "$serialMonitor:TX", "", [] ],
    [ "ultrasonic1:GND", "esp:GND.2", "black", [ "v0" ] ],
    [ "ultrasonic1:TRIG", "esp:19", "green", [ "v0" ] ],
    [ "ultrasonic1:ECHO", "esp:18", "green", [ "v0" ] ],
    [ "ultrasonic1:VCC", "esp:5V", "red", [ "v153.6", "h-96" ] ],
    [ "esp:17", "r1:1", "green", [ "h0" ] ],
    [ "r1:2", "led2:A", "green", [ "v0" ] ],
    [ "led2:C", "esp:GND.2", "black", [ "h0" ] ],
    [ "esp:16", "r3:1", "green", [ "h0" ] ],
    [ "r3:2", "led3:A", "green", [ "v0" ] ],
    [ "led3:C", "esp:GND.2", "black", [ "h0" ] ],
    [ "esp:4", "r2:1", "green", [ "h0" ] ],
    [ "r2:2", "led1:A", "green", [ "v0" ] ],
    [ "led1:C", "esp:GND.2", "black", [ "h0" ] ],
    [ "esp:3V3", "dht1:VCC", "red", [ "h-76.65", "v-9.6", "h-67.2", "v134.4" ] ],
    [ "esp:16", "dht1:SDA", "green", [ "h19.2", "v86.4", "h-220.8" ] ],
    [ "esp:GND.1", "dht1:GND", "black", [ "h-86.25", "v9.6" ] ],
    [ "servo1:GND", "esp:GND.2", "black", [ "h0" ] ],
    [ "servo1:PWM", "esp:2", "green", [ "h0" ] ],
    [ "servo1:V+", "esp:3V3", "red", [ "h0" ] ]
  ],
  "dependencies": {}
}